_IDOBJ;NOM_COMPLET;THEME;LIBTHEME;CATEGORIE;LIBCATEGORIE;TYPE;LIBTYPE;STATUT;COMMUNE;ADRESSE;TELEPHONE;WEB;CODE_POSTAL;LONG_WGS84;LAT_WGS84
3718,000000000000000;33 Station Accueil Racine;10,000000000000000;DEPLACEMENT;1003,000000000000000;Transport partagé;100301,000000000000000;Bicloo;;NANTES;5 Rue Racine;01 30 79 33 44;www.bicloo.nantesmetropole.fr;44000;-1,563187705896;47,213483260326
4026,000000000000000;Station Baco;10,000000000000000;DEPLACEMENT;1003,000000000000000;Transport partagé;100302,000000000000000;Marguerite;;NANTES;3 Chaussée de la Madeleine;02 40 58 44 14;www.imarguerite.com;44000;-1,552527639113;47,212178706019
3706,000000000000000;22 Station Accueil Moquechien;10,000000000000000;DEPLACEMENT;1003,000000000000000;Transport partagé;100301,000000000000000;Bicloo;;NANTES;8 Rue Moquechien;01 30 79 33 44;www.bicloo.nantesmetropole.fr;44000;-1,555582979271;47,220379047481
3693,000000000000000;9 Station Accueil Guépin;10,000000000000000;DEPLACEMENT;1003,000000000000000;Transport partagé;100301,000000000000000;Bicloo;;NANTES;2 Rue du Calvaire;01 30 79 33 44;www.bicloo.nantesmetropole.fr;44000;-1,559155737871;47,215829434071
3691,000000000000000;7 Station Accueil Barillerie;10,000000000000000;DEPLACEMENT;1003,000000000000000;Transport partagé;100301,000000000000000;Bicloo;;NANTES;2 Allée Penthiévre;01 30 79 33 44;www.bicloo.nantesmetropole.fr;44000;-1,556100379995;47,215409629938
3697,000000000000000;13 Station Abonnement et Bonus Bretagne Sud;10,000000000000000;DEPLACEMENT;1003,000000000000000;Transport partagé;100301,000000000000000;Bicloo;;NANTES;1 Rue Pierre Chéreau;01 30 79 33 44;www.bicloo.nantesmetropole.fr;44000;-1,559157317875;47,216750059447
3735,000000000000000;50 Station Abonnement Château;10,000000000000000;DEPLACEMENT;1003,000000000000000;Transport partagé;100301,000000000000000;Bicloo;;NANTES;2 Rue des Etats;01 30 79 33 44;www.bicloo.nantesmetropole.fr;44000;-1,550276002344;47,215135932323
3743,000000000000000;58 Station Accueil Palais des Sports;10,000000000000000;DEPLACEMENT;1003,000000000000000;Transport partagé;100301,000000000000000;Bicloo;;NANTES;21 Rue René Viviani;01 30 79 33 44;www.bicloo.nantesmetropole.fr;44200;-1,535999160686;47,208477196156
3732,000000000000000;47 Station Abonnement Martyrs Nantais;10,000000000000000;DEPLACEMENT;1003,000000000000000;Transport partagé;100301,000000000000000;Bicloo;;NANTES;21 Boulevard Gaston Doumergue;01 30 79 33 44;www.bicloo.nantesmetropole.fr;44200;-1,548179850547;47,207035364629
4071,000000000000000;Aire de covoiturage Sautron;10,000000000000000;DEPLACEMENT;1006,000000000000000;Aire de covoiturage;;;;SAUTRON;51 Rue de la Vallée;08 11 13 01 44;www.covoiturage-nantesmetropole.fr;44880;-1,671059673092;47,268130554761
3686,000000000000000;2 Station Accueil Hôtel de Ville;10,000000000000000;DEPLACEMENT;1003,000000000000000;Transport partagé;100301,000000000000000;Bicloo;;NANTES;29 Rue de Strasbourg;01 30 79 33 44;www.bicloo.nantesmetropole.fr;44000;-1,553544268536;47,218564001564
3733,000000000000000;48 Station Abonnement Verdun;10,000000000000000;DEPLACEMENT;1003,000000000000000;Transport partagé;100301,000000000000000;Bicloo;;NANTES;17 Rue de Verdun;01 30 79 33 44;www.bicloo.nantesmetropole.fr;44000;-1,551868176513;47,217516769716
3994,000000000000000;91 Station Abonnement Rond Point Vannes;10,000000000000000;DEPLACEMENT;1003,000000000000000;Transport partagé;100301,000000000000000;Bicloo;;NANTES;63B Boulevard Lelasseur;01 30 79 33 44;www.bicloo.nantesmetropole.fr;44000;-1,572012091255;47,229675345348
4048,000000000000000;Gare Routière Baco Lila;10,000000000000000;DEPLACEMENT;1004,000000000000000;Transport en commun;100404,000000000000000;Route;;NANTES;13 Allée de la Maison Rouge;08 25 08 71 56;www.loire-atlantique.fr/lila;44000;-1,552769948859;47,212675541777
3750,000000000000000;64 Station Abonnement et Bonus Saint Clément;10,000000000000000;DEPLACEMENT;1003,000000000000000;Transport partagé;100301,000000000000000;Bicloo;;NANTES;37 Rue Maréchal Joffre;01 30 79 33 44;www.bicloo.nantesmetropole.fr;44000;-1,547171724809;47,221798394807
3731,000000000000000;46 Station Accueil Place République;10,000000000000000;DEPLACEMENT;1003,000000000000000;Transport partagé;100301,000000000000000;Bicloo;;NANTES;3 Place de la République;01 30 79 33 44;www.bicloo.nantesmetropole.fr;44200;-1,555193861635;47,205401226591
3830,000000000000000;87 Station Accueil Anatole-France;10,000000000000000;DEPLACEMENT;1003,000000000000000;Transport partagé;100301,000000000000000;Bicloo;;NANTES;34 Rue Alexandre Dumas;01 30 79 33 44;www.bicloo.nantesmetropole.fr;44000;-1,571392360493;47,223616443722
3754,000000000000000;68 Station Accueil Livet;10,000000000000000;DEPLACEMENT;1003,000000000000000;Transport partagé;100301,000000000000000;Bicloo;;NANTES;65 Rue Dufour;01 30 79 33 44;www.bicloo.nanresmetropole.fr;44000;-1,545216320958;47,224095495505
3738,000000000000000;53 Station Accueil Olivettes;10,000000000000000;DEPLACEMENT;1003,000000000000000;Transport partagé;100301,000000000000000;Bicloo;;NANTES;10 Rue des Olivettes;01 30 79 33 44;www.bicloo.nantesmetropole.fr;44000;-1,549959351078;47,211749426576
3745,000000000000000;60 Station Abonnement Gare Sud;10,000000000000000;DEPLACEMENT;1003,000000000000000;Transport partagé;100301,000000000000000;Bicloo;;NANTES;12 Rue de Lourmel;01 30 79 33 44;www.bicloo.nanresmetropole.fr;44000;-1,542865960917;47,215930742147
1042,000000000000000;Gare SNCF de Nantes Sud;10,000000000000000;DEPLACEMENT;1004,000000000000000;Transport en commun;100403,000000000000000;Rail;;NANTES;2 Rue de Lourmel;36 35;www.gares-connexions.com;44000;-1,541558460265;47,216448854427
4066,000000000000000;Station Canclaux;10,000000000000000;DEPLACEMENT;1003,000000000000000;Transport partagé;100302,000000000000000;Marguerite;;NANTES;Place Canclaux;02 40 58 44 14;www.imarguerite.com;44100;-1,574840437722;47,214170776661
4020,000000000000000;Station Bretagne;10,000000000000000;DEPLACEMENT;1003,000000000000000;Transport partagé;100302,000000000000000;Marguerite;;NANTES;Place de Bretagne;02 40 58 44 14;www.imarguerite.com;44000;-1,559633543181;47,217489907388
3692,000000000000000;8 Station Abonnement Boucherie;10,000000000000000;DEPLACEMENT;1003,000000000000000;Transport partagé;100301,000000000000000;Bicloo;;NANTES;Rue de la Boucherie;01 30 79 33 44;www.bicloo.nantesmetropole.fr;44000;-1,557090686786;47,216208142635
1043,000000000000000;Parking ouvrage Aristide Briand;10,000000000000000;DEPLACEMENT;1001,000000000000000;Parking Ouvrage;100101,000000000000000;Souterrain;;NANTES;Place Aristide Briand;08 10 26 30 00;www.vincipark.com;44000;-1,562936418080;47,217093604857
3699,000000000000000;15 Station Accueil Place Aristide Briand;10,000000000000000;DEPLACEMENT;1003,000000000000000;Transport partagé;100301,000000000000000;Bicloo;;NANTES;Place Aristide Briand;01 30 79 33 44;www.bicloo.nantesmetropole.fr;44000;-1,563005503482;47,217196287643
4023,000000000000000;Station Aristide Briand;10,000000000000000;DEPLACEMENT;1003,000000000000000;Transport partagé;100302,000000000000000;Marguerite;;NANTES;Place Aristide Briand;02 40 58 44 14;www.imarguerite.com;44000;-1,562465622415;47,217229051506
2532,000000000000000;Port de Trentemoult;10,000000000000000;DEPLACEMENT;1004,000000000000000;Transport en commun;100402,000000000000000;Fluvial;;REZE;Allée Claude Choëmet;02 51 84 94 51;www.nge-nantes.fr;44400;-1,578906164935;47,195374526174
3650,000000000000000;Parc en enclos Bellamy;10,000000000000000;DEPLACEMENT;1005,000000000000000;Parc en Enclos;;;;NANTES;Impasse de la Courtine;02 51 84 94 51;www.parkings-nantes.fr;44000;-1,557693692563;47,222360416101
3196,000000000000000;Parc relais tramway René Cassin;10,000000000000000;DEPLACEMENT;1002,000000000000000;Parc Relais;100203,000000000000000;Libre;;NANTES;Route de la Chapelle Sur Erdre;02 40 44 44 44;www.tan.fr;44300;-1,574997907503;47,263950926010
3752,000000000000000;66 Station Accueil Chanzy;10,000000000000000;DEPLACEMENT;1003,000000000000000;Transport partagé;100301,000000000000000;Bicloo;;NANTES;Avenue Chanzy;01 30 79 33 44;www.bicloo.nantesmetropole.fr;44000;-1,548018021790;47,225441394771
3973,000000000000000;10 Station Accueil Picasso;10,000000000000000;DEPLACEMENT;1003,000000000000000;Transport partagé;100301,000000000000000;Bicloo;;NANTES;Mail Pablo Picasso;01 30 79 33 44;www.bicloo.nantesmetropole.fr;44000;-1,534229121012;47,216343586847
3763,000000000000000;77 Station Accueil Ecole d'Architecture;10,000000000000000;DEPLACEMENT;1003,000000000000000;Transport partagé;100301,000000000000000;Bicloo;;NANTES;Quai François Mitterrand;01 30 79 33 44;www.bicloo.nantesmetropole.fr;44200;-1,557551259669;47,207616902001
4076,000000000000000;Parc relais tramway Santos Dumont;10,000000000000000;DEPLACEMENT;1002,000000000000000;Parc Relais;100203,000000000000000;Libre;;NANTES;Rue des Renards;02 40 44 44 44;www.tan.fr;44300;-1,568227107912;47,259323673024
4016,000000000000000;Aire de covoiturage Pas Enchantés;10,000000000000000;DEPLACEMENT;1006,000000000000000;Aire de covoiturage;;;;ST-SEBASTIEN;Boulevard des Pas Enchantés;08 11 13 01 44;www.covoiturage-nantesmetropole.fr;44230;-1,503941058483;47,210388937340
4077,000000000000000;72 Station Accueil Bellamy Gué-Moreau;10,000000000000000;DEPLACEMENT;1003,000000000000000;Transport partagé;100301,000000000000000;Bicloo;;NANTES;Rue Paul Bellamy;01 30 79 33 44;www.bicloo.nantesmetropole.fr;44000;-1,561920149210;47,228614123537
3753,000000000000000;67 Station Accueil Place Waldeck Rousseau;10,000000000000000;DEPLACEMENT;1003,000000000000000;Transport partagé;100301,000000000000000;Bicloo;;NANTES;Place Waldeck Rousseau;01 30 79 33 44;www.bicloo.nantesmetropole.fr;44000;-1,552166139129;47,227786338160
1046,000000000000000;Parking ouvrage Talensac;10,000000000000000;DEPLACEMENT;1001,000000000000000;Parking Ouvrage;100102,000000000000000;Elévation;;NANTES;Rue Le Nôtre;02 51 84 94 51;www.parkings-nantes.fr;44000;-1,558357299902;47,220255981046
4021,000000000000000;Station 50 Otages;10,000000000000000;DEPLACEMENT;1003,000000000000000;Transport partagé;100302,000000000000000;Marguerite;;NANTES;Rue Le Nôtre;02 40 58 44 14;www.imarguerite.com;44000;-1,557321377259;47,219445958235
3717,000000000000000;32 Station Accueil Rubens;10,000000000000000;DEPLACEMENT;1003,000000000000000;Transport partagé;100301,000000000000000;Bicloo;;NANTES;Rue Rubens;01 30 79 33 44;www.bicloo.nantesmetropole.fr;44000;-1,560287290723;47,214351440918
3708,000000000000000;24 Station Accueil Versailles;10,000000000000000;DEPLACEMENT;1003,000000000000000;Transport partagé;100301,000000000000000;Bicloo;;NANTES;Quai de Versailles;01 30 79 33 44;www.bicloo.nantesmetropole.fr;44000;-1,553728032107;47,224423383876
1624,000000000000000;Port de l'Erdre;10,000000000000000;DEPLACEMENT;1004,000000000000000;Transport en commun;100402,000000000000000;Fluvial;;NANTES;Quai de Versailles;02 40 37 04 62;www.nge-nantes.fr;44000;-1,553724598010;47,225203577314
3722,000000000000000;37 Station Accueil Feydeau;10,000000000000000;DEPLACEMENT;1003,000000000000000;Transport partagé;100301,000000000000000;Bicloo;;NANTES;Rue Gaston Veil;01 30 79 33 44;www.bicloo.nantesmetropole.fr;44000;-1,556882483425;47,211472898917
261,000000000000000;Gare SNCF de Chantenay;10,000000000000000;DEPLACEMENT;1004,000000000000000;Transport en commun;100403,000000000000000;Rail;;NANTES;Rue de la Gare de Chantenay;36 35;www.gares-connexions.com;44100;-1,594354993169;47,197202245403
4031,000000000000000;Station Doulon;10,000000000000000;DEPLACEMENT;1003,000000000000000;Transport partagé;100302,000000000000000;Marguerite;;NANTES;Place Gabriel Trarieux;02 40 58 44 14;www.imarguerite.com;44300;-1,522416970393;47,225899016345
1045,000000000000000;Parking ouvrage Gare Sud 1;10,000000000000000;DEPLACEMENT;1001,000000000000000;Parking Ouvrage;100102,000000000000000;Elévation;;NANTES;Rue de Lourmel;08 25 88 88 26;www.resaplace.com;44000;-1,541036828463;47,216149635954
3197,000000000000000;Parc relais tramway Pirmil;10,000000000000000;DEPLACEMENT;1002,000000000000000;Parc Relais;100203,000000000000000;Libre;;NANTES;Rue Esnoult des Châtelets;02 40 44 44 44;www.tan.fr;44200;-1,541533594554;47,197358677638
4049,000000000000000;Gare Routière Pirmil Lila;10,000000000000000;DEPLACEMENT;1004,000000000000000;Transport en commun;100404,000000000000000;Route;;NANTES;Rue Esnoult des Châtelets;08 25 08 71 56;www.loire-atlantique.fr/lila;44200;-1,542673350748;47,196392343560
3997,000000000000000;101 Station Abonnement Pirmil;10,000000000000000;DEPLACEMENT;1003,000000000000000;Transport partagé;100301,000000000000000;Bicloo;;NANTES;Rue Esnoult des Châtelets;01 30 79 33 44;www.bicloo.nantesmetropole.fr;44200;-1,541450633643;47,196629488228
677,000000000000000;Parking ouvrage Commerce;10,000000000000000;DEPLACEMENT;1001,000000000000000;Parking Ouvrage;100101,000000000000000;Souterrain;;NANTES;Place du Commerce;02 51 84 94 51;www.parkings-nantes.fr;44000;-1,557713219690;47,213120285802
3726,000000000000000;41 Station Accueil Chantier Naval;10,000000000000000;DEPLACEMENT;1003,000000000000000;Transport partagé;100301,000000000000000;Bicloo;;NANTES;Rue Mathurin Brissonneau;01 30 79 33 44;www.bicloo.nantesmetropole.fr;44100;-1,569543162242;47,208368839559
3551,000000000000000;Parc en enclos Baco-LU;10,000000000000000;DEPLACEMENT;1005,000000000000000;Parc en Enclos;;;;NANTES;Allée Baco;02 51 84 94 51;www.parkings-nantes.fr;44000;-1,549872883022;47,213855249030
3737,000000000000000;52 Station Accueil Baco;10,000000000000000;DEPLACEMENT;1003,000000000000000;Transport partagé;100301,000000000000000;Bicloo;;NANTES;Allée Baco;01 30 79 33 44;www.bicloo.nantesmetropole.fr;44000;-1,548768937518;47,214338842647
3951,000000000000000;Parking ouvrage Les Machines;10,000000000000000;DEPLACEMENT;1001,000000000000000;Parking Ouvrage;100102,000000000000000;Elévation;;NANTES;Rue Arthur III;08 25 88 88 26;www.resaplace.com;44200;-1,562727792363;47,205900622064
3835,000000000000000;80 Station Accueil Victor-Hugo;10,000000000000000;DEPLACEMENT;1003,000000000000000;Transport partagé;100301,000000000000000;Bicloo;;NANTES;Boulevard Victor Hugo;01 30 79 33 44;www.bicloo.nantesmetropole.fr;44200;-1,551567325067;47,204014359992
4033,000000000000000;Station Mangin;10,000000000000000;DEPLACEMENT;1003,000000000000000;Transport partagé;100302,000000000000000;Marguerite;;NANTES;Boulevard Victor Hugo;02 40 58 44 14;www.imarguerite.com;44200;-1,545448454408;47,201061862619
3687,000000000000000;3 Station Accueil Strasbourg;10,000000000000000;DEPLACEMENT;1003,000000000000000;Transport partagé;100301,000000000000000;Bicloo;;NANTES;Place Tirant Lo Blanc;01 30 79 33 44;www.bicloo.nantesmetropole.fr;44000;-1,551617564984;47,216532854728
3705,000000000000000;21 Station Accueil Marché Talensac Sud;10,000000000000000;DEPLACEMENT;1003,000000000000000;Transport partagé;100301,000000000000000;Bicloo;;NANTES;Rue de Talensac;01 30 79 33 44;www.bicloo.nantesmetropole.fr;44000;-1,556494771798;47,221154818394
3999,000000000000000;100 Station Abonnement Gréneraie;10,000000000000000;DEPLACEMENT;1003,000000000000000;Transport partagé;100301,000000000000000;Bicloo;;NANTES;Côte Saint Sébastien;01 30 79 33 44;www.bicloo.nantesmetropole.fr;44200;-1,534607153787;47,199970710192
4036,000000000000000;Station Zola;10,000000000000000;DEPLACEMENT;1003,000000000000000;Transport partagé;100302,000000000000000;Marguerite;;NANTES;Rue des Renardières;02 40 58 44 14;www.imarguerite.com;44100;-1,586346204096;47,213899460439
1341,000000000000000;Parc relais tramway Recteur Schmitt 1;10,000000000000000;DEPLACEMENT;1002,000000000000000;Parc Relais;100201,000000000000000;Ouvrage;;NANTES;Rue Recteur Schmitt;02 40 44 44 44;www.tan.fr;44300;-1,552903104379;47,251735253868
3191,000000000000000;Parc relais tramway Recteur Schmitt 2;10,000000000000000;DEPLACEMENT;1002,000000000000000;Parc Relais;100203,000000000000000;Libre;;NANTES;Rue Recteur Schmitt;02 40 44 44 44;www.tan.fr;44300;-1,552470384647;47,252027701738
3584,000000000000000;Parc relais tramway Orvault Morlière;10,000000000000000;DEPLACEMENT;1002,000000000000000;Parc Relais;100201,000000000000000;Ouvrage;;ORVAULT;Avenue de la Morlière;02 40 44 44 44;www.tan.fr;44700;-1,603049466762;47,246776647706
245,000000000000000;Gare SNCF de Doulon;10,000000000000000;DEPLACEMENT;1004,000000000000000;Transport en commun;100403,000000000000000;Rail;;NANTES;Rue des Perrines;36 35;www.gares-connexions.com;44300;-1,517244027262;47,228528504866
3553,000000000000000;Gare SNCF de St-Sébastien Pas Enchantés;10,000000000000000;DEPLACEMENT;1004,000000000000000;Transport en commun;100403,000000000000000;Rail;;ST-SEBASTIEN;Rue du Docteur Paul Michaux;36 35;www.gares-connexions.com;44230;-1,511113063513;47,207008774038
663,000000000000000;Gare Routière Baco Eurolines;10,000000000000000;DEPLACEMENT;1004,000000000000000;Transport en commun;100404,000000000000000;Route;;NANTES;Allée de la Maison Rouge;08 92 89 90 91;www.eurolines.fr;44000;-1,552760771850;47,212740250147
4052,000000000000000;Gare Routière Haluchère Lila;10,000000000000000;DEPLACEMENT;1004,000000000000000;Transport en commun;100404,000000000000000;Route;;NANTES;Boulevard Jules Verne;08 25 08 71 56;www.loire-atlantique.fr/lila;44300;-1,521431885941;47,248021162972
3720,000000000000000;35 Station Abonnement Jean V;10,000000000000000;DEPLACEMENT;1003,000000000000000;Transport partagé;100301,000000000000000;Bicloo;;NANTES;Place Jean V;01 30 79 33 44;www.bicloo.nantesmetropole.fr;44000;-1,565562892074;47,212180370735
4028,000000000000000;Station Cité des Congrès;10,000000000000000;DEPLACEMENT;1003,000000000000000;Transport partagé;100302,000000000000000;Marguerite;;NANTES;Rue de Valmy;02 40 58 44 14;www.imarguerite.com;44000;-1,544390484484;47,213392746195
3652,000000000000000;Parking ouvrage Cathédrale;10,000000000000000;DEPLACEMENT;1001,000000000000000;Parking Ouvrage;100101,000000000000000;Souterrain;;NANTES;Rue Sully;02 51 84 94 51;www.parkings-nantes.fr;44000;-1,551056168326;47,220813351072
3990,000000000000000;Pac en enclos Viviani;10,000000000000000;DEPLACEMENT;1005,000000000000000;Parc en Enclos;;;;NANTES;Rue René Viviani;02 51 84 94 51;www.parkings-nantes.fr;44200;-1,536197069789;47,208775604289
3628,000000000000000;Parc relais busway Gréneraie;10,000000000000000;DEPLACEMENT;1002,000000000000000;Parc Relais;100202,000000000000000;Enclos;;NANTES;Boulevard Emile Gabory;02 40 44 44 44;www.tan.fr;44200;-1,533333623247;47,200139039269
3837,000000000000000;82 Station Accueil Sébilleau;10,000000000000000;DEPLACEMENT;1003,000000000000000;Transport partagé;100301,000000000000000;Bicloo;;NANTES;Rue Docteur Jules Sébilleau;01 30 79 33 44;www.bicloo.nantesmetropole.fr;44200;-1,533136362926;47,206768584698
3555,000000000000000;Parc en enclos Gare Sud 3;10,000000000000000;DEPLACEMENT;1005,000000000000000;Parc en Enclos;;;;NANTES;Rue Marcel Paul;08 25 88 88 26;www.resaplace.com;44000;-1,537894828349;47,216135859474
3550,000000000000000;Parc en enclos Hôtel Dieu;10,000000000000000;DEPLACEMENT;1005,000000000000000;Parc en Enclos;;;;NANTES;Chaussée de la Madeleine;02 51 84 94 51;www.parkings-nantes.fr;44000;-1,551983112304;47,211057086029
3723,000000000000000;38 Station Abonnement Place Ricordeau;10,000000000000000;DEPLACEMENT;1003,000000000000000;Transport partagé;100301,000000000000000;Bicloo;;NANTES;Chaussée de la Madeleine;01 30 79 33 44;www.bicloo.nantesmetropole.fr;44000;-1,552930075997;47,212116039221
4035,000000000000000;Station Mairie de Chantenay;10,000000000000000;DEPLACEMENT;1003,000000000000000;Transport partagé;100302,000000000000000;Marguerite;;NANTES;Boulevard de la Liberté;02 40 58 44 14;www.imarguerite.com;44100;-1,587871256676;47,206516834052
3200,000000000000000;Parc relais TER Frêne Rond;10,000000000000000;DEPLACEMENT;1002,000000000000000;Parc Relais;100203,000000000000000;Libre;;ST-SEBASTIEN;Rue de l'Ouche Quinet;02 40 44 44 44;www.tan.fr;44230;-1,496218308948;47,190549257522
3353,000000000000000;Gare SNCF de St-Sébastien Frêne Rond;10,000000000000000;DEPLACEMENT;1004,000000000000000;Transport en commun;100403,000000000000000;Rail;;ST-SEBASTIEN;Rue de l'Ouche Quinet;36 35;www.gares-connexions.com;44230;-1,495928055875;47,190202612915
3648,000000000000000;Parc relais TER Gare de Pont-Rousseau;10,000000000000000;DEPLACEMENT;1002,000000000000000;Parc Relais;100202,000000000000000;Enclos;;REZE;Avenue de la Libération;02 40 44 44 44;www.tan.fr;44400;-1,548190272087;47,192800998840
4032,000000000000000;Station Ecole d'Architecture;10,000000000000000;DEPLACEMENT;1003,000000000000000;Transport partagé;100302,000000000000000;Marguerite;;NANTES;Place François II;02 40 58 44 14;www.imarguerite.com;44200;-1,556570463485;47,206449154202
3712,000000000000000;28 Station Accueil Place Edit de Nantes;10,000000000000000;DEPLACEMENT;1003,000000000000000;Transport partagé;100301,000000000000000;Bicloo;;NANTES;Place de l'Edit de Nantes;01 30 79 33 44;www.bicloo.nantesmetropole.fr;44100;-1,567610750129;47,214459027951
3558,000000000000000;Parc relais tramway Neustrie 2;10,000000000000000;DEPLACEMENT;1002,000000000000000;Parc Relais;100202,000000000000000;Enclos;;BOUGUENAIS;Rue de la Neustrie;02 40 44 44 44;www.tan.fr;44340;-1,593399696482;47,176672451111
4072,000000000000000;Parc en enclos Chantiers Navals;10,000000000000000;DEPLACEMENT;1005,000000000000000;Parc en Enclos;;;;NANTES;Quai de la Fosse;02 51 84 94 51;www.parkings-nantes.fr;44100;-1,568915609557;47,208289319523
4053,000000000000000;103 Station Mobile;10,000000000000000;DEPLACEMENT;1003,000000000000000;Transport partagé;100301,000000000000000;Bicloo;;NANTES;Quai Fernand Crouan;01 30 79 33 44;www.bicloo.nantesmetropole.fr;44200;-1,569703735291;47,205914506704
3192,000000000000000;Parc relais tramway La Beaujoire;10,000000000000000;DEPLACEMENT;1002,000000000000000;Parc Relais;100202,000000000000000;Enclos;;NANTES;Rue Colette;02 40 44 44 44;www.tan.fr;44300;-1,527398470576;47,259483303650
3188,000000000000000;Parc relais tramway Frachon;10,000000000000000;DEPLACEMENT;1002,000000000000000;Parc Relais;100203,000000000000000;Libre;;ST-HERBLAIN;Boulevard Salvador Allende;02 40 44 44 44;www.tan.fr;44800;-1,621633361782;47,218696136551
3198,000000000000000;Parc relais tramway Goudy;10,000000000000000;DEPLACEMENT;1002,000000000000000;Parc Relais;100202,000000000000000;Enclos;;NANTES;Rue Gabriel Goudy;02 40 44 44 44;www.tan.fr;44200;-1,541047746943;47,196098946737
1658,000000000000000;Service Maritime et Navigation Ecluse Saint Félix;10,000000000000000;DEPLACEMENT;1004,000000000000000;Transport en commun;100402,000000000000000;Fluvial;;NANTES;Quai Ferdinand Favre;02 40 71 02 19;www.equipement.gouv.fr;44000;-1,540898999522;47,212528607285
3756,000000000000000;70 Station Abonnement et Bonus Foch Cathédrale;10,000000000000000;DEPLACEMENT;1003,000000000000000;Transport partagé;100301,000000000000000;Bicloo;;NANTES;Rue de l'Evêché;01 30 79 33 44;www.bicloo.nantesmetropole.fr;44000;-1,550480136778;47,218694565936
3778,000000000000000;Parc relais busway Bourdonnières 2;10,000000000000000;DEPLACEMENT;1002,000000000000000;Parc Relais;100203,000000000000000;Libre;;NANTES;Rue des Bourdonnières;02 40 44 44 44;www.tan.fr;44200;-1,523151331556;47,186724242830
280,000000000000000;Parking ouvrage Gare Nord;10,000000000000000;DEPLACEMENT;1001,000000000000000;Parking Ouvrage;100102,000000000000000;Elévation;;NANTES;Boulevard de Stalingrad;08 25 88 88 26;www.resaplace.com;44000;-1,544984334115;47,216689040172
281,000000000000000;Gare SNCF de Nantes Nord - Direction régionale;10,000000000000000;DEPLACEMENT;1004,000000000000000;Transport en commun;100403,000000000000000;Rail;;NANTES;Boulevard de Stalingrad;36 35;www.gares-connexions.com;44000;-1,542359966056;47,217443160658
4030,000000000000000;Station Manufacture;10,000000000000000;DEPLACEMENT;1003,000000000000000;Transport partagé;100302,000000000000000;Marguerite;;NANTES;Boulevard de Stalingrad;02 40 58 44 14;www.imarguerite.com;44000;-1,535864985230;47,219107562114
3950,000000000000000;Parc en enclos Courte Durée Gare Nord;10,000000000000000;DEPLACEMENT;1005,000000000000000;Parc en Enclos;;;;NANTES;Boulevard de Stalingrad;08 25 88 88 26;www.resaplace.com;44000;-1,543478750844;47,217264732216
3974,000000000000000;51 Station Abonnement Berlin;10,000000000000000;DEPLACEMENT;1003,000000000000000;Transport partagé;100301,000000000000000;Bicloo;;NANTES;Boulevard de Berlin;01 30 79 33 44;www.bicloo.nantesmetropole.fr;44000;-1,530072500615;47,214391469976
4024,000000000000000;Station Commerce;10,000000000000000;DEPLACEMENT;1003,000000000000000;Transport partagé;100302,000000000000000;Marguerite;;NANTES;Place de la Petite Hollande;02 40 58 44 14;www.imarguerite.com;44000;-1,557946066102;47,212392772091
134,000000000000000;Parking ouvrage Médiathèque;10,000000000000000;DEPLACEMENT;1001,000000000000000;Parking Ouvrage;100103,000000000000000;Mixte;;NANTES;Rue Neuve des Capucins;02 51 84 94 51;www.parkings-nantes.fr;44000;-1,562338175962;47,210870827100
4019,000000000000000;Aire de covoiturage La Croix de Mauves;10,000000000000000;DEPLACEMENT;1006,000000000000000;Aire de covoiturage;;;;MAUVES-SUR-LOIRE;RD 723;08 11 13 01 44;www.covoiturage-nantesmetropole.fr;44470;-1,398172258665;47,300266258230
3562,000000000000000;Parc relais tramway Neustrie 1;10,000000000000000;DEPLACEMENT;1002,000000000000000;Parc Relais;100202,000000000000000;Enclos;;BOUGUENAIS;Chemin de la Neustrie;02 40 44 44 44;www.tan.fr;44340;-1,593272350857;47,175693308537
3739,000000000000000;54 Station Abonnement Cité Internationale des Congrès;10,000000000000000;DEPLACEMENT;1003,000000000000000;Transport partagé;100301,000000000000000;Bicloo;;NANTES;Rue de Jemmapes;01 30 79 33 44;www.bicloo.nantesmetropole.fr;44000;-1,545027483831;47,213168554028
2518,000000000000000;Gare SNCF de Thouaré-sur-Loire;10,000000000000000;DEPLACEMENT;1004,000000000000000;Transport en commun;100403,000000000000000;Rail;;THOUARE-SUR-LOIRE;Place de la République;36 35;www.gares-connexions.com;44470;-1,440963860714;47,265120118465
3564,000000000000000;Parc relais TER Gare de Thouaré-sur-Loire;10,000000000000000;DEPLACEMENT;1002,000000000000000;Parc Relais;100203,000000000000000;Libre;;THOUARE-SUR-LOIRE;Place de la République;02 40 44 44 44;www.tan.fr;44470;-1,441389353678;47,264711990884
4037,000000000000000;Station Sainte Thérèse;10,000000000000000;DEPLACEMENT;1003,000000000000000;Transport partagé;100302,000000000000000;Marguerite;;NANTES;Boulevard Boulay Paty;02 40 58 44 14;www.imarguerite.com;44100;-1,577247754566;47,232205655926
3554,000000000000000;Parc en enclos Château;10,000000000000000;DEPLACEMENT;1005,000000000000000;Parc en Enclos;;;;NANTES;Rue Henri IV;02 51 84 94 51;www.parkings-nantes.fr;44000;-1,547850449685;47,216989960979
4038,000000000000000;Station Duchesse Anne;10,000000000000000;DEPLACEMENT;1003,000000000000000;Transport partagé;100302,000000000000000;Marguerite;;NANTES;Rue Henri IV;02 40 58 44 14;www.imarguerite.com;44000;-1,547401479446;47,216776317627
3734,000000000000000;49 Station Accueil Duchesse Anne;10,000000000000000;DEPLACEMENT;1003,000000000000000;Transport partagé;100301,000000000000000;Bicloo;;NANTES;Rue Henri IV;01 30 79 33 44;www.bicloo.nantesmetropole.fr;44000;-1,547077220790;47,216528748586
4018,000000000000000;Aire de covoiturage La Charmelière;10,000000000000000;DEPLACEMENT;1006,000000000000000;Aire de covoiturage;;;;CARQUEFOU;RD 37;08 11 13 01 44;www.covoiturage-nantesmetropole.fr;44470;-1,473817222666;47,294827601066
4014,000000000000000;Aire de covoiturage Georges Brassens;10,000000000000000;DEPLACEMENT;1006,000000000000000;Aire de covoiturage;;;;LA-MONTAGNE;Rue de la Gaudinière;08 11 13 01 44;www.covoiturage-nantesmetropole.fr;44620;-1,676160055112;47,183363813418
3195,000000000000000;Parc relais tramway Trocardière;10,000000000000000;DEPLACEMENT;1002,000000000000000;Parc Relais;100203,000000000000000;Libre;;REZE;Avenue Léon Blum;02 40 44 44 44;www.tan.fr;44400;-1,571095589405;47,183292745883
2519,000000000000000;Gare SNCF de Mauves-sur-Loire;10,000000000000000;DEPLACEMENT;1004,000000000000000;Transport en commun;100403,000000000000000;Rail;;MAUVES-SUR-LOIRE;Place de la Gare;36 35;www.gares-connexions.com;44470;-1,389303478987;47,293008169788
3565,000000000000000;Parc relais TER Gare de Mauves-sur-Loire;10,000000000000000;DEPLACEMENT;1002,000000000000000;Parc Relais;100203,000000000000000;Libre;;MAUVES-SUR-LOIRE;Place de la Gare;02 40 44 44 44;www.tan.fr;44470;-1,388904886686;47,293258333932
2109,000000000000000;Aéroport Nantes Atlantique;10,000000000000000;DEPLACEMENT;1004,000000000000000;Transport en commun;100401,000000000000000;Aérien;Public;BOUGUENAIS;Rue Clément Ader;02 40 84 80 00;www.nantes.aeroport.fr;44340;-1,601782069837;47,157519148192
3194,000000000000000;Parc relais tramway 8 Mai;10,000000000000000;DEPLACEMENT;1002,000000000000000;Parc Relais;100201,000000000000000;Ouvrage;;REZE;Avenue André Malraux;02 40 44 44 44;www.tan.fr;44400;-1,551691451981;47,190177914121
4005,000000000000000;98 Station Abonnement Huit Mai;10,000000000000000;DEPLACEMENT;1003,000000000000000;Transport partagé;100301,000000000000000;Bicloo;;REZE;Place du 8 Mai 1945;01 30 79 33 44;www.bicloo.nantesmetropole.fr;44400;-1,551821259531;47,189998620130
2497,000000000000000;Bacs de Loire entre Couëron et Le Pellerin;10,000000000000000;DEPLACEMENT;1004,000000000000000;Transport en commun;100402,000000000000000;Fluvial;;COUERON;RD 91;02 40 86 01 29;www.loire-atlantique.fr;44220;-1,752254729147;47,205927467615
4011,000000000000000;Aire de covoiturage Le Paradis;10,000000000000000;DEPLACEMENT;1006,000000000000000;Aire de covoiturage;;;;COUERON;RD 91;08 11 13 01 44;www.covoiturage-nantesmetropole.fr;44220;-1,751615681513;47,205843305836
3695,000000000000000;11 Station Accueil Calvaire;10,000000000000000;DEPLACEMENT;1003,000000000000000;Transport partagé;100301,000000000000000;Bicloo;;NANTES;Place des Volontaires de la Défense Passive;01 30 79 33 44;www.bicloo.nantesmetropole.fr;44000;-1,560606306876;47,215599181963
3651,000000000000000;Parc en enclos CHU;10,000000000000000;DEPLACEMENT;1005,000000000000000;Parc en Enclos;;;;NANTES;Quai de Tourville;02 51 84 94 51;www.parkings-nantes.fr;44000;-1,557250233992;47,209361971599
3748,000000000000000;63 Station Accueil Jardins des Plantes;10,000000000000000;DEPLACEMENT;1003,000000000000000;Transport partagé;100301,000000000000000;Bicloo;;NANTES;6 Rue Stanislas Baudry;01 30 79 33 44;www.bicloo.nantesmetropole.fr;44000;-1,544764109624;47,219931771933
282,000000000000000;Gare Fluviale Bateaux Nantais;10,000000000000000;DEPLACEMENT;1004,000000000000000;Transport en commun;100402,000000000000000;Fluvial;;NANTES;15 Place Waldeck Rousseau;02 40 14 51 14;www.bateaux-nantais.fr;44000;-1,551636739169;47,227968476642
3702,000000000000000;18 Station Abonnement et Bonus Place Viarme;10,000000000000000;DEPLACEMENT;1003,000000000000000;Transport partagé;100301,000000000000000;Bicloo;;NANTES;23 Place Viarme;01 30 79 33 44;www.bicloo.nantesmetropole.fr;44000;-1,563326981143;47,221440878007
3836,000000000000000;81 Station Abonnement Mangin;10,000000000000000;DEPLACEMENT;1003,000000000000000;Transport partagé;100301,000000000000000;Bicloo;;NANTES;8 Place Victor Mangin;01 30 79 33 44;www.bicloo.nantesmetropole.fr;44200;-1,545497627403;47,201021927200
4001,000000000000000;95 Station Abonnement Michelet;10,000000000000000;DEPLACEMENT;1003,000000000000000;Transport partagé;100301,000000000000000;Bicloo;;NANTES;38 Boulevard Michelet;01 30 79 33 44;www.bicloo.nantesmetropole.fr;44300;-1,556388702048;47,235083706675
3704,000000000000000;20 Station Abonnement Bellamy;10,000000000000000;DEPLACEMENT;1003,000000000000000;Transport partagé;100301,000000000000000;Bicloo;;NANTES;29 Rue Paul Bellamy;01 30 79 33 44;www.bicloo.nantesmetropole.fr;44000;-1,557659854435;47,223348795628
3952,000000000000000;85 Station Accueil et Bonus Bel Air;10,000000000000000;DEPLACEMENT;1003,000000000000000;Transport partagé;100301,000000000000000;Bicloo;;NANTES;102 Rue Paul Bellamy;01 30 79 33 44;www.bicloo.nantesmetropole.fr;44000;-1,560041221375;47,226406033943
3751,000000000000000;65 Station Accueil Sully;10,000000000000000;DEPLACEMENT;1003,000000000000000;Transport partagé;100301,000000000000000;Bicloo;;NANTES;7 Cours Sully;01 30 79 33 44;www.bicloo.nantesmetropole.fr;44000;-1,551684839193;47,222598818465
3729,000000000000000;44 Station Accueil Palais de Justice;10,000000000000000;DEPLACEMENT;1003,000000000000000;Transport partagé;100301,000000000000000;Bicloo;;NANTES;19 Quai François Mitterrand;01 30 79 33 44;www.bicloo.nantesmetropole.fr;44200;-1,561242453731;47,208363178205
3583,000000000000000;Parc relais tramway Morlière Paquelais;10,000000000000000;DEPLACEMENT;1002,000000000000000;Parc Relais;100203,000000000000000;Libre;;ORVAULT;50 Avenue de la Paquelais;02 40 44 44 44;www.tan.fr;44700;-1,602838747224;47,247823521862
3989,000000000000000;Parking ouvrage Gare Sud 4;10,000000000000000;DEPLACEMENT;1001,000000000000000;Parking Ouvrage;100101,000000000000000;Souterrain;;NANTES;24 Mail Pablo Picasso;08 25 88 88 26;www.resaplace.com;44000;-1,537545042601;47,215209926075
3838,000000000000000;83 Station Abonnement Millerand;10,000000000000000;DEPLACEMENT;1003,000000000000000;Transport partagé;100301,000000000000000;Bicloo;;NANTES;9 Boulevard Alexandre Millerand;01 30 79 33 44;www.bicloo.nantesmetropole.fr;44200;-1,530161413494;47,208217819463
299,000000000000000;Parking ouvrage Tour Bretagne;10,000000000000000;DEPLACEMENT;1001,000000000000000;Parking Ouvrage;100103,000000000000000;Mixte;;NANTES;4 Place de Bretagne;02 51 84 94 51;www.parkings-nantes.fr;44000;-1,558201639362;47,217739419820
3760,000000000000000;74 Station Accueil Place Canclaux;10,000000000000000;DEPLACEMENT;1003,000000000000000;Transport partagé;100301,000000000000000;Bicloo;;NANTES;8 Place Canclaux;01 30 79 33 44;www.bicloo.nantesmetropole.fr;44100;-1,575006081926;47,214371684292
3721,000000000000000;36 Station Accueil Alger;10,000000000000000;DEPLACEMENT;1003,000000000000000;Transport partagé;100301,000000000000000;Bicloo;;NANTES;5 Rue d'Alger;01 30 79 33 44;www.bicloo.nantesmetropole.fr;44100;-1,566674313665;47,210705238574
3714,000000000000000;29 Station Accueil Duguay Trouin;10,000000000000000;DEPLACEMENT;1003,000000000000000;Transport partagé;100301,000000000000000;Bicloo;;NANTES;7 Allée Duguay Trouin;01 30 79 33 44;www.bicloo.nantesmetropole.fr;44000;-1,555288508406;47,213461578790
3759,000000000000000;73 Station Accueil Sarradin;10,000000000000000;DEPLACEMENT;1003,000000000000000;Transport partagé;100301,000000000000000;Bicloo;;NANTES;4 Place Emile Sarradin;01 30 79 33 44;www.bicloo.nantesmetropole.fr;44000;-1,570507177852;47,220883766721
3689,000000000000000;5 Station Accueil Brossard;10,000000000000000;DEPLACEMENT;1003,000000000000000;Transport partagé;100301,000000000000000;Bicloo;;NANTES;12 Allée Duquesne;01 30 79 33 44;www.bicloo.nantesmetropole.fr;44000;-1,556327090290;47,218822583124
3690,000000000000000;6 Station Abonnement Place du Cirque;10,000000000000000;DEPLACEMENT;1003,000000000000000;Transport partagé;100301,000000000000000;Bicloo;;NANTES;7 Allée Duquesne;01 30 79 33 44;www.bicloo.nantesmetropole.fr;44000;-1,556869629336;47,217652287732
3742,000000000000000;57 Station Abonnement Gaëtan Rondeau;10,000000000000000;DEPLACEMENT;1003,000000000000000;Transport partagé;100301,000000000000000;Bicloo;;NANTES;20 Rue Gaëtan Rondeau;01 30 79 33 44;www.bicloo.nantesmetropole.fr;44200;-1,537600139625;47,205407211862
3586,000000000000000;Parc relais tramway Beauséjour;10,000000000000000;DEPLACEMENT;1002,000000000000000;Parc Relais;100203,000000000000000;Libre;;NANTES;142 Route de Vannes;02 40 44 44 44;www.tan.fr;44100;-1,587343748836;47,238413521397
3762,000000000000000;76 Station Accueil Place René Bouhier;10,000000000000000;DEPLACEMENT;1003,000000000000000;Transport partagé;100301,000000000000000;Bicloo;;NANTES;8 Place René Bouhier;01 30 79 33 44;www.bicloo.nantesmetropole.fr;44100;-1,570589286667;47,209442040964
4027,000000000000000;Station CIO;10,000000000000000;DEPLACEMENT;1003,000000000000000;Transport partagé;100302,000000000000000;Marguerite;;NANTES;9 Rue de Rieux;02 40 58 44 14;www.imarguerite.com;44000;-1,544413958286;47,211299323177
3834,000000000000000;89 Station Accueil Saint-Aignan;10,000000000000000;DEPLACEMENT;1003,000000000000000;Transport partagé;100301,000000000000000;Bicloo;;NANTES;65 Boulevard Saint Aignan;01 30 79 33 44;www.bicloo.nantesmetropole.fr;44100;-1,578715096614;47,207444063946
3701,000000000000000;17 Station Accueil Sainte Elisabeth;10,000000000000000;DEPLACEMENT;1003,000000000000000;Transport partagé;100301,000000000000000;Bicloo;;NANTES;3 Place Sainte Elisabeth;01 30 79 33 44;www.bicloo.nantesmetropole.fr;44000;-1,561588768418;47,219225442242
3703,000000000000000;19 Station Accueil Saint Similien;10,000000000000000;DEPLACEMENT;1003,000000000000000;Transport partagé;100301,000000000000000;Bicloo;;NANTES;1 Place Saint Similien;01 30 79 33 44;www.bicloo.nantesmetropole.fr;44000;-1,558928909642;47,219835952652
4015,000000000000000;Aire de covoiturage La Herdrie;10,000000000000000;DEPLACEMENT;1006,000000000000000;Aire de covoiturage;;;;BASSE-GOULAINE;Route du Loroux Bottereau;08 11 13 01 44;www.covoiturage-nantesmetropole.fr;44115;-1,454877724785;47,198163173240
2520,000000000000000;Gare SNCF de Vertou;10,000000000000000;DEPLACEMENT;1004,000000000000000;Transport en commun;100403,000000000000000;Rail;;VERTOU;Impasse de la Gare;36 35;www.gares-connexions.com;44120;-1,478031948559;47,186143479464
3201,000000000000000;Parc relais TER Gare de Vertou Nord;10,000000000000000;DEPLACEMENT;1002,000000000000000;Parc Relais;100203,000000000000000;Libre;;VERTOU;Impasse de la Gare;02 40 44 44 44;www.tan.fr;44120;-1,479161854583;47,186402376370
3744,000000000000000;59 Station Accueil Stade Saupin;10,000000000000000;DEPLACEMENT;1003,000000000000000;Transport partagé;100301,000000000000000;Bicloo;;NANTES;35 Quai Malakoff;01 30 79 33 44;www.bicloo.nantesmetropole.fr;44000;-1,539639581349;47,213978001005
3765,000000000000000;79 Station Accueil Malakoff;10,000000000000000;DEPLACEMENT;1003,000000000000000;Transport partagé;100301,000000000000000;Bicloo;;NANTES;13 Quai Malakoff;01 30 79 33 44;www.bicloo.nantesmetropole.fr;44000;-1,536420715916;47,213234526632
1583,000000000000000;Port Autonome de Nantes Saint Nazaire;10,000000000000000;DEPLACEMENT;1004,000000000000000;Transport en commun;100402,000000000000000;Fluvial;;NANTES;18 Quai Ernest Renaud;02 40 44 20 20;www.nantes.port.fr;44100;-1,574711354727;47,205511114895
3707,000000000000000;23 Station Accueil Buat;10,000000000000000;DEPLACEMENT;1003,000000000000000;Transport partagé;100301,000000000000000;Bicloo;;NANTES;101 Rue Général Buat;01 30 79 33 44;www.bicloo.nantesmetropole.fr;44000;-1,542422643412;47,227156972600
4004,000000000000000;97 Station Accueil Saint-Donatien;10,000000000000000;DEPLACEMENT;1003,000000000000000;Transport partagé;100301,000000000000000;Bicloo;;NANTES;69 Rue Général Buat;01 30 79 33 44;www.bicloo.nantesmetropole.fr;44000;-1,540402417437;47,229128762669
3777,000000000000000;Parc relais tramway Grande Ouche;10,000000000000000;DEPLACEMENT;1002,000000000000000;Parc Relais;100203,000000000000000;Libre;;;;02 40 44 44 44;www.tan.fr;44340;-1,579472035256;47,181994835047
4067,000000000000000;Station Rezé Mairie;10,000000000000000;DEPLACEMENT;1003,000000000000000;Transport partagé;100302,000000000000000;Marguerite;;REZE;Place Saint Pierre;02 40 58 44 14;www.imarguerite.com;44400;-1,570419110664;47,191271994374
3202,000000000000000;Parc relais TER Gare de Vertou Sud;10,000000000000000;DEPLACEMENT;1002,000000000000000;Parc Relais;100203,000000000000000;Libre;;VERTOU;Rue du Bois Rigaud;02 40 44 44 44;www.tan.fr;44120;-1,478608569977;47,185749806742
2533,000000000000000;Port de Couëron;10,000000000000000;DEPLACEMENT;1004,000000000000000;Transport en commun;100402,000000000000000;Fluvial;;COUERON;Boulevard Gambetta;02 51 84 94 51;www.nge-nantes.fr;44220;-1,729959223793;47,209125688498
3549,000000000000000;Parc en enclos Gloriette 1;10,000000000000000;DEPLACEMENT;1005,000000000000000;Parc en Enclos;;;;NANTES;Allée de l'Ile Gloriette;02 51 84 94 51;www.parkings-nantes.fr;44000;-1,558438729504;47,211179655323
3582,000000000000000;Parc relais navibus Trentemoult-Dépôt;10,000000000000000;DEPLACEMENT;1002,000000000000000;Parc Relais;100203,000000000000000;Libre;;REZE;Rue Ordronneau;02 40 44 44 44;www.tan.fr;44400;-1,580687686374;47,191964989509
3831,000000000000000;86 Station Accueil Hauts-Pavés;10,000000000000000;DEPLACEMENT;1003,000000000000000;Transport partagé;100301,000000000000000;Bicloo;;NANTES;Rue des Hauts Pavés;01 30 79 33 44;www.bicloo.nantesmetropole.fr;44000;-1,567520471822;47,225482261833
4003,000000000000000;93 Station Abonnement Facultés;10,000000000000000;DEPLACEMENT;1003,000000000000000;Transport partagé;100301,000000000000000;Bicloo;;NANTES;Boulevard Guy Mollet;01 30 79 33 44;www.bicloo.nantesmetropole.fr;44300;-1,555338349805;47,246323288345
3764,000000000000000;78 Station Accueil De Gaulle;10,000000000000000;DEPLACEMENT;1003,000000000000000;Transport partagé;100301,000000000000000;Bicloo;;NANTES;Boulevard Général de Gaulle;01 30 79 33 44;www.bicloo.nantesmetropole.fr;44200;-1,540568733291;47,208460378395
1581,000000000000000;Capitainerie du Port Atlantique Nantes Saint Nazaire;10,000000000000000;DEPLACEMENT;1004,000000000000000;Transport en commun;100402,000000000000000;Fluvial;;NANTES;Quai Ernest Renaud;02 40 44 20 53;www.nantes.port.fr;44100;-1,573981391341;47,205400782347
4034,000000000000000;Station Gare Maritime;10,000000000000000;DEPLACEMENT;1003,000000000000000;Transport partagé;100302,000000000000000;Marguerite;;NANTES;Quai Ernest Renaud;02 40 58 44 14;www.imarguerite.com;44100;-1,572668973431;47,206530193631
3727,000000000000000;42 Station Abonnement Gare Maritime;10,000000000000000;DEPLACEMENT;1003,000000000000000;Transport partagé;100301,000000000000000;Bicloo;;NANTES;Quai Ernest Renaud;01 30 79 33 44;www.bicloo.nantesmetropole.fr;44100;-1,572629532377;47,206609081175
3709,000000000000000;25 Station Abonnement Dalby;10,000000000000000;DEPLACEMENT;1003,000000000000000;Transport partagé;100301,000000000000000;Bicloo;;NANTES;Boulevard Ernest Dalby;01 30 79 33 44;www.bicloo.nantesmetropole.fr;44000;-1,530108457388;47,223612648875
4013,000000000000000;Aire de covoiturage Les Ormeaux;10,000000000000000;DEPLACEMENT;1006,000000000000000;Aire de covoiturage;;;;BOUAYE;Esplanade de l'Edit de Nantes;08 11 13 01 44;www.covoiturage-nantesmetropole.fr;44830;-1,682471229521;47,155885783979
3629,000000000000000;Parc relais busway Bourdonnières 1;10,000000000000000;DEPLACEMENT;1002,000000000000000;Parc Relais;100202,000000000000000;Enclos;;NANTES;Boulevard de Vendée;02 40 44 44 44;www.tan.fr;44200;-1,521154294565;47,186255590967
3655,000000000000000;Parc relais busway Maraîchers;10,000000000000000;DEPLACEMENT;1002,000000000000000;Parc Relais;100203,000000000000000;Libre;;VERTOU;Rue de la Grand' Maison;02 40 44 44 44;www.tan.fr;44120;-1,510859655582;47,185302793647
3649,000000000000000;Parc relais tramway Bignon;10,000000000000000;DEPLACEMENT;1002,000000000000000;Parc Relais;100203,000000000000000;Libre;;ORVAULT;Rue des Verts Prés;02 40 44 44 44;www.tan.fr;44700;-1,598200225155;47,248975246611
3189,000000000000000;Parc relais tramway Le Cardo;10,000000000000000;DEPLACEMENT;1002,000000000000000;Parc Relais;100201,000000000000000;Ouvrage;;ORVAULT;Esplanade du Cardo;02 40 44 44 44;www.tan.fr;44700;-1,584511980791;47,262502093615
4051,000000000000000;Gare Routière Cardo Lila;10,000000000000000;DEPLACEMENT;1004,000000000000000;Transport en commun;100404,000000000000000;Route;;ORVAULT;Esplanade du Cardo;08 25 08 71 56;www.loire-atlantique.fr/lila;44700;-1,584155102016;47,261799620373
3776,000000000000000;Parc relais tramway Marcel Paul;10,000000000000000;DEPLACEMENT;1002,000000000000000;Parc Relais;100202,000000000000000;Enclos;;ST-HERBLAIN;Boulevard Marcel Paul;02 40 44 44 44;www.tan.fr;44800;-1,618008349639;47,245904569813
2374,000000000000000;Bacs de Loire entre Basse-Indre et Indret;10,000000000000000;DEPLACEMENT;1004,000000000000000;Transport en commun;100402,000000000000000;Fluvial;;INDRE;Quai Besnard;02 40 86 01 29;www.loire-atlantique.fr;44610;-1,673918470528;47,197769257259
4010,000000000000000;Aire de covoiturage Piano'cktail;10,000000000000000;DEPLACEMENT;1006,000000000000000;Aire de covoiturage;;;;BOUGUENAIS;Rue Ginsheim Gustavsburg;08 11 13 01 44;www.covoiturage-nantesmetropole.fr;44340;-1,605392717132;47,174392110639
3589,000000000000000;Parc en enclos Gare Sud 2;10,000000000000000;DEPLACEMENT;1005,000000000000000;Parc en Enclos;;;;NANTES;Quai Malakoff;08 25 88 88 26;www.resaplace.com;44000;-1,541343375842;47,214234036616
3590,000000000000000;Parc en enclos Gare Sud 2 limité 1h;10,000000000000000;DEPLACEMENT;1005,000000000000000;Parc en Enclos;;;;NANTES;Quai Malakoff;08 25 88 88 26;www.resaplace.com;44000;-1,542675138846;47,215202123295
4029,000000000000000;Station Gare SNCF Sud;10,000000000000000;DEPLACEMENT;1003,000000000000000;Transport partagé;100302,000000000000000;Marguerite;;NANTES;Quai Malakoff;02 40 58 44 14;www.imarguerite.com;44000;-1,541937685118;47,214976371764
3746,000000000000000;61 Station Accueil LU Lieu Unique;10,000000000000000;DEPLACEMENT;1003,000000000000000;Transport partagé;100301,000000000000000;Bicloo;;NANTES;Quai Malakoff;01 30 79 33 44;www.bicloo.nantesmetropole.fr;44000;-1,545924211177;47,215602785014
3716,000000000000000;31 Station Accueil Bourse;10,000000000000000;DEPLACEMENT;1003,000000000000000;Transport partagé;100301,000000000000000;Bicloo;;NANTES;Allée de la Bourse;01 30 79 33 44;www.bicloo.nantesmetropole.fr;44000;-1,559105277589;47,212094380848
4002,000000000000000;94 Station Abonnement Petit Port;10,000000000000000;DEPLACEMENT;1003,000000000000000;Transport partagé;100301,000000000000000;Bicloo;;NANTES;Place du Huit Mai 1945;01 30 79 33 44;www.bicloo.nantesmetropole.fr;44300;-1,556380986355;47,243262644076
288,000000000000000;Parking ouvrage Graslin;10,000000000000000;DEPLACEMENT;1001,000000000000000;Parking Ouvrage;100102,000000000000000;Elévation;;NANTES;Rue Scribe;02 51 84 94 51;www.parkings-nantes.fr;44000;-1,562571816217;47,214310210506
3730,000000000000000;45 Station Accueil Prairie au Duc;10,000000000000000;DEPLACEMENT;1003,000000000000000;Transport partagé;100301,000000000000000;Bicloo;;NANTES;Boulevard de la Prairie au Duc;01 30 79 33 44;www.bicloo.nantesmetropole.fr;44200;-1,558882840172;47,204784819206
3227,000000000000000;Parc relais tramway Plaisance;10,000000000000000;DEPLACEMENT;1002,000000000000000;Parc Relais;100203,000000000000000;Libre;;ST-HERBLAIN;Route de Vannes;02 40 44 44 44;www.tan.fr;44800;-1,593440523965;47,240532662020
4050,000000000000000;Gare Routière Beauséjour Lila;10,000000000000000;DEPLACEMENT;1004,000000000000000;Transport en commun;100404,000000000000000;Route;;ST-HERBLAIN;Route de Vannes;08 25 08 71 56;www.loire-atlantique.fr/lila;44100;-1,586860607155;47,238079501607
4083,000000000000000;Aire de covoiturage de la Métaierie Rouge;10,000000000000000;DEPLACEMENT;1006,000000000000000;Aire de covoiturage;;;;LA-CHAPELLE-SUR-ERDRE;VC 5;08 11 13 01 44;www.covoiturage-nantesmetropole.fr;44240;-1,546383970503;47,274442225944
3552,000000000000000;Parc relais TER Gare des Pas Enchantés;10,000000000000000;DEPLACEMENT;1002,000000000000000;Parc Relais;100203,000000000000000;Libre;;ST-SEBASTIEN;Rue de la Loire;02 40 44 44 44;www.tan.fr;44230;-1,512996443075;47,208229054565
3839,000000000000000;84 Station Accueil Région;10,000000000000000;DEPLACEMENT;1003,000000000000000;Transport partagé;100301,000000000000000;Bicloo;;NANTES;Place Gaston Defferre;01 30 79 33 44;www.bicloo.nantesmetropole.fr;44200;-1,525951275481;47,210753237185
3190,000000000000000;Parc relais tramway François Mitterrand;10,000000000000000;DEPLACEMENT;1002,000000000000000;Parc Relais;100201,000000000000000;Ouvrage;;ST-HERBLAIN;Rue Virginia Woolf;02 40 44 44 44;www.tan.fr;44800;-1,639484143055;47,221706200870
3993,000000000000000;92 Station Abonnement Rond Point Rennes;10,000000000000000;DEPLACEMENT;1003,000000000000000;Transport partagé;100301,000000000000000;Bicloo;;NANTES;Rond-Point de Rennes;01 30 79 33 44;www.bicloo.nantesmetropole.fr;44000;-1,566016980776;47,233091703755
3627,000000000000000;Parc relais busway Porte de Vertou;10,000000000000000;DEPLACEMENT;1002,000000000000000;Parc Relais;100202,000000000000000;Enclos;;VERTOU;Boulevard Auguste Priou;02 40 44 44 44;www.tan.fr;44120;-1,505160177649;47,180175295986
1805,000000000000000;Gare SNCF de Basse Indre St-Herblain;10,000000000000000;DEPLACEMENT;1004,000000000000000;Transport en commun;100403,000000000000000;Rail;;ST-HERBLAIN;Rue de la Gare;36 35;www.gares-connexions.com;44800;-1,660312841280;47,204083239044
3561,000000000000000;Parc relais TER Gare de Basse-Indre Saint-Herblain;10,000000000000000;DEPLACEMENT;1002,000000000000000;Parc Relais;100203,000000000000000;Libre;;ST-HERBLAIN;Rue de la Gare;02 40 44 44 44;www.tan.fr;44800;-1,661038096461;47,204157974131
3761,000000000000000;75 Station Accueil Lamoricière;10,000000000000000;DEPLACEMENT;1003,000000000000000;Transport partagé;100301,000000000000000;Bicloo;;NANTES;Rue Lamoricière;01 30 79 33 44;www.bicloo.nantesmetropole.fr;44100;-1,571398998401;47,212365614395
3715,000000000000000;30 Station Abonnement Commerce;10,000000000000000;DEPLACEMENT;1003,000000000000000;Transport partagé;100301,000000000000000;Bicloo;;NANTES;Allée Brancas;01 30 79 33 44;www.bicloo.nantesmetropole.fr;44000;-1,557380722638;47,213145029425
1044,000000000000000;Parking ouvrage Cité des Congrès;10,000000000000000;DEPLACEMENT;1001,000000000000000;Parking Ouvrage;100101,000000000000000;Souterrain;;NANTES;Avenue Jean Claude Bonduelle;02 51 84 94 51;www.parkings-nantes.fr;44000;-1,543971277166;47,212901670902
4025,000000000000000;Station Graslin;10,000000000000000;DEPLACEMENT;1003,000000000000000;Transport partagé;100302,000000000000000;Marguerite;;NANTES;Place Graslin;02 40 58 44 14;www.imarguerite.com;44000;-1,562625116265;47,213102208588
4000,000000000000000;96 Station Abonnement Tortière;10,000000000000000;DEPLACEMENT;1003,000000000000000;Transport partagé;100301,000000000000000;Bicloo;;NANTES;Boulevard Eugène Orieux;01 30 79 33 44;www.bicloo.nantesmetropole.fr;44000;-1,549473437411;47,235344800187
4017,000000000000000;Aire de covoiturage Les 3 Brasseurs;10,000000000000000;DEPLACEMENT;1006,000000000000000;Aire de covoiturage;;;;ST-SEBASTIEN;Rue Marie Curie;08 11 13 01 44;www.covoiturage-nantesmetropole.fr;44230;-1,489449829336;47,190931195993
3995,000000000000000;90 Station Abonnement Procé;10,000000000000000;DEPLACEMENT;1003,000000000000000;Transport partagé;100301,000000000000000;Bicloo;;NANTES;Boulevard Gaston Serpette;01 30 79 33 44;www.bicloo.nantesmetropole.fr;44000;-1,576583566602;47,224321586199
4022,000000000000000;Station Hôtel de Ville;10,000000000000000;DEPLACEMENT;1003,000000000000000;Transport partagé;100302,000000000000000;Marguerite;;NANTES;Rue Fanny Peccot;02 40 58 44 14;www.imarguerite.com;44000;-1,554073833582;47,217649051503
3700,000000000000000;16 Station Accueil Place Edouard Normand;10,000000000000000;DEPLACEMENT;1003,000000000000000;Transport partagé;100301,000000000000000;Bicloo;;NANTES;Place Edouard Normand;01 30 79 33 44;www.bicloo.nantesmetropole.fr;44000;-1,563494733376;47,219028032543
4012,000000000000000;Aire de covoiturage Le Vélodrôme;10,000000000000000;DEPLACEMENT;1006,000000000000000;Aire de covoiturage;;;;COUERON;Boulevard Francois Blancho;08 11 13 01 44;www.covoiturage-nantesmetropole.fr;44220;-1,735535871464;47,211491147473
2452,000000000000000;Gare SNCF de Couëron;10,000000000000000;DEPLACEMENT;1004,000000000000000;Transport en commun;100403,000000000000000;Rail;;COUERON;Rue de la Gare;36 35;www.gares-connexions.com;44220;-1,723599399918;47,221944187514
3556,000000000000000;Parc relais TER Gare de Couëron;10,000000000000000;DEPLACEMENT;1002,000000000000000;Parc Relais;100203,000000000000000;Libre;;COUERON;Rue de la Gare;02 40 44 44 44;www.tan.fr;44220;-1,723637501607;47,221777193408
2517,000000000000000;Gare SNCF de Rezé Pont-Rousseau;10,000000000000000;DEPLACEMENT;1004,000000000000000;Transport en commun;100403,000000000000000;Rail;;REZE;Rue de la Gare;36 35;www.gares-connexions.com;44400;-1,549392105427;47,193331595479
3996,000000000000000;102 Station Abonnement Gare Pont Rousseau;10,000000000000000;DEPLACEMENT;1003,000000000000000;Transport partagé;100301,000000000000000;Bicloo;;REZE;Rue de la Gare;01 30 79 33 44;www.bicloo.nantesmetropole.fr;44400;-1,549005454463;47,193149276695
3560,000000000000000;Parc relais navibus Trentemoult-Roquios;10,000000000000000;DEPLACEMENT;1002,000000000000000;Parc Relais;100203,000000000000000;Libre;;REZE;Quai Surcouf;02 40 44 44 44;www.tan.fr;44400;-1,577783932063;47,195252511278
3698,000000000000000;14 Station Accueil Saint-Félix;10,000000000000000;DEPLACEMENT;1003,000000000000000;Transport partagé;100301,000000000000000;Bicloo;;NANTES;Boulevard Amiral Courbet;01 30 79 33 44;www.bicloo.nantesmetropole.fr;44000;-1,556234116208;47,230607604720
4073,000000000000000;Parc en enclos Gloriette 2;10,000000000000000;DEPLACEMENT;1005,000000000000000;Parc en Enclos;;;;NANTES;Rue Albert de Mun;02 51 84 94 51;www.parkings-nantes.fr;44000;-1,560284368846;47,210273687105
3630,000000000000000;Parc relais busway Chapeau Verni;10,000000000000000;DEPLACEMENT;1002,000000000000000;Parc Relais;100202,000000000000000;Enclos;;VERTOU;Route de Clisson;02 40 44 44 44;www.tan.fr;44230;-1,511298891814;47,189530076279
2375,000000000000000;Gare SNCF de Bouaye;10,000000000000000;DEPLACEMENT;1004,000000000000000;Transport en commun;100403,000000000000000;Rail;;BOUAYE;Allée Louis Armand;36 35;www.gares-connexions.com;44830;-1,681075269834;47,138144687395
3566,000000000000000;Parc relais TER Gare de Bouaye;10,000000000000000;DEPLACEMENT;1002,000000000000000;Parc Relais;100203,000000000000000;Libre;;BOUAYE;Allée Louis Armand;02 40 44 44 44;www.tan.fr;44830;-1,682099252575;47,138339716512
4084,000000000000000;Aire de covoiturage Norauto Atlantis;10,000000000000000;DEPLACEMENT;1006,000000000000000;Aire de covoiturage;;;;ST-HERBLAIN;Rue Océane;08 11 13 01 44;www.covoiturage-nantesmetropole.fr;44800;-1,626246411139;47,225723924891
3998,000000000000000;99 Station Accueil Saint-Jacques;10,000000000000000;DEPLACEMENT;1003,000000000000000;Transport partagé;100301,000000000000000;Bicloo;;NANTES;85 Rue Saint Jacques;01 30 79 33 44;www.bicloo.nantesmetropole.fr;44200;-1,536589628879;47,195859160598
3755,000000000000000;69 Station Accueil Manufacture;10,000000000000000;DEPLACEMENT;1003,000000000000000;Transport partagé;100301,000000000000000;Bicloo;;NANTES;11 Boulevard de Stalingrad;01 30 79 33 44;www.bicloo.nantesmetropole.fr;44000;-1,535865350197;47,219227699299
3740,000000000000000;55 Station Accueil Magellan;10,000000000000000;DEPLACEMENT;1003,000000000000000;Transport partagé;100301,000000000000000;Bicloo;;NANTES;11 Rue de Belfort;01 30 79 33 44;www.bicloo.nantesmetropole.fr;44000;-1,544248263392;47,210683975483
3719,000000000000000;34 Station Abonnement Médiathèque;10,000000000000000;DEPLACEMENT;1003,000000000000000;Transport partagé;100301,000000000000000;Bicloo;;NANTES;24 Quai de la Fosse;01 30 79 33 44;www.bicloo.nantesmetropole.fr;44000;-1,561841844952;47,210912654925
3741,000000000000000;56 Station Accueil Vincent Gache;10,000000000000000;DEPLACEMENT;1003,000000000000000;Transport partagé;100301,000000000000000;Bicloo;;NANTES;9 Rue François Albert;01 30 79 33 44;www.bicloo.nantesmetropole.fr;44200;-1,541850967268;47,206884735167
3696,000000000000000;12 Station Abonnement et Bonus Place Delorme;10,000000000000000;DEPLACEMENT;1003,000000000000000;Transport partagé;100301,000000000000000;Bicloo;;NANTES;2 Boulevard Gabriel Guist'Hau;01 30 79 33 44;www.bicloo.nantesmetropole.fr;44000;-1,563963566828;47,215158134429
3710,000000000000000;27 Station Accueil Guist'hau Nord;10,000000000000000;DEPLACEMENT;1003,000000000000000;Transport partagé;100301,000000000000000;Bicloo;;NANTES;44 Boulevard Gabriel Guist'Hau;01 30 79 33 44;www.bicloo.nantesmetropole.fr;44000;-1,569267206185;47,217940185225
3711,000000000000000;26 Station Abonnement et Bonus Guist'hau Sud;10,000000000000000;DEPLACEMENT;1003,000000000000000;Transport partagé;100301,000000000000000;Bicloo;;NANTES;26T Boulevard Gabriel Guist'Hau;01 30 79 33 44;www.bicloo.nantesmetropole.fr;44000;-1,567023357312;47,216839445305
3685,000000000000000;1 Station Abonnement Préfecture;10,000000000000000;DEPLACEMENT;1003,000000000000000;Transport partagé;100301,000000000000000;Bicloo;;NANTES;5 Quai Ceineray;01 30 79 33 44;www.bicloo.nantesmetropole.fr;44000;-1,554176048615;47,220195066995
3747,000000000000000;62 Station Abonnement Gare Nord;10,000000000000000;DEPLACEMENT;1003,000000000000000;Transport partagé;100301,000000000000000;Bicloo;;NANTES;1 Place Charles le Roux;01 30 79 33 44;www.bicloo.nantesmetropole.fr;44000;-1,542240968402;47,218141404614
3728,000000000000000;43 Station Abonnement Machines de l'Ile;10,000000000000000;DEPLACEMENT;1003,000000000000000;Transport partagé;100301,000000000000000;Bicloo;;NANTES;2 Boulevard Léon Bureau;01 30 79 33 44;www.bicloo.nantesmetropole.fr;44200;-1,564825806150;47,206930260547
3833,000000000000000;88 Station Accueil Mellinet;10,000000000000000;DEPLACEMENT;1003,000000000000000;Transport partagé;100301,000000000000000;Bicloo;;NANTES;1 Boulevard Allard;01 30 79 33 44;www.bicloo.nantesmetropole.fr;44100;-1,577126765418;47,211489622114
3757,000000000000000;71 Station Abonnement et Bonus Marché Talensac Nord;10,000000000000000;DEPLACEMENT;1003,000000000000000;Transport partagé;100301,000000000000000;Bicloo;;NANTES;17 Rue de Bel Air;01 30 79 33 44;www.bicloo.nantesmetropole.fr;44000;-1,559069342877;47,221910341954
3724,000000000000000;39 Station Accueil Quai Moncousu;10,000000000000000;DEPLACEMENT;1003,000000000000000;Transport partagé;100301,000000000000000;Bicloo;;NANTES;10 Quai Moncousu;01 30 79 33 44;www.bicloo.nantesmetropole.fr;44000;-1,555248414263;47,209365456061
3725,000000000000000;40 Station Accueil Madeleine;10,000000000000000;DEPLACEMENT;1003,000000000000000;Transport partagé;100301,000000000000000;Bicloo;;NANTES;2 Quai Moncousu;01 30 79 33 44;www.bicloo.nantesmetropole.fr;44000;-1,550430474908;47,208815874652
284,000000000000000;Parking ouvrage Decré-Bouffay;10,000000000000000;DEPLACEMENT;1001,000000000000000;Parking Ouvrage;100103,000000000000000;Mixte;;NANTES;18 Rue du Moulin;02 51 84 94 51;www.parkings-nantes.fr;44000;-1,554004632271;47,216662619964
3688,000000000000000;4 Station Accueil Moulin;10,000000000000000;DEPLACEMENT;1003,000000000000000;Transport partagé;100301,000000000000000;Bicloo;;NANTES;18 Rue du Moulin;01 30 79 33 44;www.bicloo.nantesmetropole.fr;44000;-1,554425847107;47,216646871200
